X,R2,RMSE,MAE,COUNT
0.9913,0.8641168591701539,0.02481077518388444,0.01590702271947148,82
0.9914,0.9626584362584105,0.016265588849816576,0.012728448765065153,47
