X,R2,RMSE,MAE,COUNT
0.9595,0.9220829094455663,0.015667165255638882,0.012845415835400801,25
