Prediction1,Prediction2
2781.478309132679,3262.871276902406
2811.2698751885127,3288.8567735061733
2799.1710699391606,3295.149266931705
2794.9435324676324,3276.615665205951
2791.7828132720006,3286.2214174537876
