{
    "line_eta1": {
        "x": [0.24456472, 0.42310649, 0.60164826, 0.78019003, 0.9587318 ],
        "y": [0.40120622 ,0.62875276, 0.7918917 , 0.89062304 ,0.92494679]
    },
    "line_eta2": {
        "x": [0.24456472, 0.42310649, 0.60164826, 0.78019003, 0.9587318 ],
        "y": [0.40120622 ,0.62875276, 0.7918917 , 0.89062304 ,0.92494679]
    }    
}